{
    "DYJets": 17799598587.564648,
    "ttbar": 284532045536.7458,
    "ZG": 1514115614.2427294,
    "WG": 6107452.571461948,
    "GJets_HT40To100": 9370096.751511302,
    "GJets_HT100To200": 9795369.458845828,
    "GJets_HT200To400": 19051574.496664558,
    "GJets_HT400To600": 4650962.691182764,
    "GJets_HT600ToInf": 4970069.563275842,
    "QCD_pT30To40": 14526026.0,
    "QCD_pT40ToInf": 20622034.0,
    "Diphoton": 6423331.3,
    "ZH": 1740.8696149528298,
    "signal": 997898.0
}