{
    "DYJets": 3023385135017.1753,
    "ttbar": 297880706283.4699,
    "ZG": 3303364320.6753006,
    "WG": 6282853.0,
    "GJets_HT40To100": 5570696.0,
    "GJets_HT100To200": 9957110.0,
    "GJets_HT200To400": 18524305.0,
    "GJets_HT400To600": 4640128.0,
    "GJets_HT600ToInf": 3278039.0,
    "QCD_pT30To40": 14597800.0,
    "QCD_pT40ToInf": 18997403.0,
    "Diphoton": 21370895.19999999,
    "ZH": 1855.5990000000006,
    "VH": 4100171.4112320007,
    "signal": 917906.0
}