{
    "DYJets": 17799598587.564648,
    "ttbar": 292228710764.1156,
    "ZG": 1514115614.2427294,
    "WG": 6107452.571461947,
    "GJets_HT40To100": 7948819.204814302,
    "GJets_HT100To200": 9795369.458845828,
    "GJets_HT200To400": 17788245.78757894,
    "GJets_HT400To600": 4650962.691182763,
    "GJets_HT600ToInf": 4970069.563275842,
    "QCD_pT30To40": 14597800.0,
    "QCD_pT40ToInf": 18997403.0,
    "Diphoton": 6074273.1,
    "ZH": 1740.8696149528298,
    "VH": 3800454.18850238,
    "signal": 995752.8825708879
}