{
    "DYJets": 2050236733020.589,
    "ttbar": 50185035551.38839,
    "ZG": 3213875682.239999,
    "WG": 6103817.0,
    "GJets_HT40To100": 4858154.0,
    "GJets_HT100To200": 4972282.0,
    "GJets_HT200To400": 10404907.0,
    "GJets_HT400To600": 2529729.0,
    "GJets_HT600ToInf": 2463946.0,
    "QCD_pT30To40": 17881707.540976815,
    "QCD_pT40ToInf": 12971481.0,
    "Diphoton": 27856298.400000002,
    "ZH": 1855.5990000000006,
    "VH": 1862202.4355189996,
    "signal": 917906.0
}